Stock,Weight
AAPL,0.27702324500934794
MSFT,0.4639786816695683
SPY,0.0040348063410493625
TSLA,0.2549632669800345
